Workbook
Name ECF: 'Pull Down Menus Selections'!$B$4:$B$16
Name ECFYear: 'Pull Down Menus Selections'!$B$4:$B$16
Name ESI: 'Pull Down Menus Selections'!$B$17:$B$30
Name ESIYear: 'Pull Down Menus Selections'!$B$17:$B$30
Name LuSTR: 'Pull Down Menus Selections'!$B$46:$B$51
Name LuSTRYear: 'Pull Down Menus Selections'!$B$46:$B$51
Name NSTGRO: 'Pull Down Menus Selections'!$B$40:$B$45
Name NSTGROYear: 'Pull Down Menus Selections'!$B$40:$B$45
Name NSTRF: 'Pull Down Menus Selections'!$B$31:$B$39
Name NSTRFYear: 'Pull Down Menus Selections'!$B$31:$B$39
Name Program: 'Pull Down Menus Selections'!$A$4:$A$9
Name STRI: 'Pull Down Menus Selections'!$B$52:$B$56
Name STRIYear: 'Pull Down Menus Selections'!$B$52:$B$56

Sheet Instructions
A1: INSTRUCTIONS FOR FILLING OUT SPREADSHEETS
A2: For all spreadsheets, Columns B, C and D will be automatically populated using the information entered in the "Grant Information" tab.
A4: Publications
A5: Column E | B5: Choose the publication type from the pull down menu with the following options: "Journal Article", "Book", "Chapter in Book", "Dissertation" (PhD), "Conference Paper", "Poster" (at a conference, workshop, etc.), "Conference Talk (only)" (no associated paper).
A6: Column F | B6: Last name followed by first and middle initials of each author; List ALL authors for 2-6 authors and only first 3 with "et al" for 7 or more.
A7: Columns I, Jand K | B7: Only fill out for Journal Article.
A8: Columns N, O and P | B8: Only fill out for Conference Paper, Poster or Talk.
A9: Column Q | B9: Only fill out for Book or Book Chapter.
A10: Column T | B10: Number of Citations can be found on sites such as Google Scholar.
A11: Column U | B11: This column is for program use only
A12: Column V | B12: Any other information of interest.
A14: Communications
A15: Column E | B15: Choose the dissemination type from the pull down menu with the following options: "Press Release", "News Article", "Radio Show", "Ted Talk", "Podcast", "Special Recognition" (e.g., Best Paper Award or Recognition Award) or "Other" (any other means of communications or outreach not already listed).
A16: Columns E and L | B16: If Type chosen in Column D is "Special Recognition", give details in Column L.
A17: Column F | B17: Last name followed by first and middle initials of each author; List ALL authors for 2-6 authors and only first 3 with "et al" for 7 or more.
A18: Column L | B18: Any other information of interest.
A20: Funding Collaboration
A21: Column E | B21: Choose the funding type from the pull down menu with the following options: "NASA" (Other NASA programs than STRG), "Academia" (e.g., Discretionary Funding), "Other Government Agency" (e.g., NSF, DOD, NIST), "Industry" (e.g., SBIR, STTR or R&D), "International" (government or industry from foreign countries), "Award/Prize" (e.g., Challenge Prize), "Other" (any other funding not already listed).
A22: Column F | B22: Choose the time of the funding from the pull down menu with the following options: "Concurrent" or "Follow-on".
A23: Columns H through K | B23: Enter specific details about funding.
A24: Column L | B24: Any other information of interest.
A26: Tech Transfer
A27: Column E | B27: Using the Technology Readiness Level (TRL) definitions listed in the "TRL Definitions" tab and the pull down menu, enter the current TRL of your Technology (it should be between 1 and 9); TRL definitions can also be found at http://nodis3.gsfc.nasa.gov/displayDir.cfm?Internal_ID=N_PR_7123_001B_&page_name=AppendixE&search_term=7123.1b
A28: Column F | B28: Using the Technology Readiness Level (TRL) definitions listed in the "TRL Definitions" tab, justify the TRL entered in Column E; TRL definitions can also be found at http://nodis3.gsfc.nasa.gov/displayDir.cfm?Internal_ID=N_PR_7123_001B_&page_name=AppendixE&search_term=7123.1b
A29: Column G | B29: Reporting new Technology is a requirement of any NASA grant and can be done online at: https://invention.nasa.gov/. The system automatically generates a number for this New Technology Reporting (NTR) and that number should be entered in Column G.
A30: Column H | B30: Some NTR's are chosen for publication in the NASA "Tech Briefs" magazine. The authors will be notified and this can be reported in Column H.
A31: Column I | B31: Based on the NTR, the Technology or part of the Technology can be patentable. A patent will usually be filed by the PI's organization. Please respond "yes" or "no" to that question.
A32: Columns J, K and L | B32: Details about of the patent, if any.
A33: Column M | B33: If the Technology or part of the Technology is the basis or part of another grant or award, please report which other program. Choose the distribution type from the pull down menu with the following options: "NASA STMD" (Space Technology Mission Directorate), "NASA SMD" (Science Mission Directorate), "NASA HEOMD" (Human Exploration and Operations Mission Directorate), "NASA ARMD" (Aeronautics Research Mission Directorate), "Other Government Agency" (or OGA), "Industry" or "Other" (any other funding not already listed).
A34: Column N | B34: Details about this Transition of the Technology, e.g., which program did it transition to?
A35: Column O | B35: If the Technology is Software-based, the software can be distributed in different ways. Choose the distribution type from the pull down menu with the following options: "US Government Purpose", "General Public" (U.S. or foreign), "US" (U.S. persons only), "Open Source" (source code available under a license), or "N/A" if the Technology is not software-based.
A36: Column P | B36: Any other information of interest.

Sheet Grant Information
A1: GRANT INFORMATION
B2: Program | C2: Year | D2: Grant Number | E2: PI Name (Last, First) | F2: Current Date | G2: Grant Status
A3: EXAMPLE | B3: NSTRF | C3: NSTRF19 | D3: NNX13ACyyG | E3: Smith, Jane | F3: 42257 | G3: 1 Year After Completion | H3: PLEASE DO NOT OVERWRITE THIS EXAMPLE
B4: NSTGRO | C4: NSTGRO22 | D4: 80NSSC22K1197 | E4: Pai Asnodkar, Anusha | F4: 44868 | G4: Grant Active | H4: PLEASE ENTER YOUR INFORMATION IN THIS ROW
D7: Please refer to the "Instructions" tab to fill out all remaining worksheets

Sheet Publications
A1: PUBLICATIONS RESULTING FROM THE AWARD
B2: Class | C2: Grant Number | D2: PI Name (Last, First) | E2: Publication Type | F2: Authorship (Last name followed by first and middle initials of each author) List ALL authors for 2-6 authors and only first 3 with et al for 7+ | G2: Year Published | H2: Article, Paper, Dissertation or Book Chapter Title | I2: Journal Name | J2: Volume | K2: Issue | L2: pages | M2: url information, if online | N2: Conference Name | O2: Conference Location | P2: Conference Dates | Q2: Book Title | R2: Location of Publisher or Location of Dissertation | S2: Publisher | T2: Number of Citations | U2: Source (leave blank) | V2: Notes
A3: EXAMPLE | B3: ='Grant Information'!C3 -> NSTRF19 | C3: ='Grant Information'!D3 -> NNX13ACyyG | D3: ='Grant Information'!E3 -> Smith, Jane | E3: Journal Article | F3: Smith J. A., Roberts M. N., and Davis S.G. | G3: In Review | H3: Cyclical Hydrogen Storage and Retention in Polyaniline | I3: Intl Jour of Hydrogen Energy | J3: 6 | K3: 3 | L3: 20-29 | M3: http://www.journals.elsevier.com/international-journal-of-hydrogen-energy/ | N3: N/A | O3: N/A | P3: N/A | Q3: N/A | R3: N/A | S3: N/A | T3: N/A | W3: PLEASE DO NOT OVERWRITE THIS EXAMPLE
B4: ='Grant Information'!C4 -> NSTGRO22 | C4: ='Grant Information'!D4 -> 80NSSC22K1197 | D4: ='Grant Information'!E4 -> Pai Asnodkar, Anusha | W4: PLEASE ENTER YOUR INFORMATION IN THIS ROW
B5: ='Grant Information'!C4 -> NSTGRO22 | C5: ='Grant Information'!D4 -> 80NSSC22K1197 | D5: ='Grant Information'!E4 -> Pai Asnodkar, Anusha
B6: ='Grant Information'!C4 -> NSTGRO22 | C6: ='Grant Information'!D4 -> 80NSSC22K1197 | D6: ='Grant Information'!E4 -> Pai Asnodkar, Anusha
B7: ='Grant Information'!C4 -> NSTGRO22 | C7: ='Grant Information'!D4 -> 80NSSC22K1197 | D7: ='Grant Information'!E4 -> Pai Asnodkar, Anusha
B8: ='Grant Information'!C4 -> NSTGRO22 | C8: ='Grant Information'!D4 -> 80NSSC22K1197 | D8: ='Grant Information'!E4 -> Pai Asnodkar, Anusha
B9: ='Grant Information'!C4 -> NSTGRO22 | C9: ='Grant Information'!D4 -> 80NSSC22K1197 | D9: ='Grant Information'!E4 -> Pai Asnodkar, Anusha
B10: ='Grant Information'!C4 -> NSTGRO22 | C10: ='Grant Information'!D4 -> 80NSSC22K1197 | D10: ='Grant Information'!E4 -> Pai Asnodkar, Anusha
B11: ='Grant Information'!C4 -> NSTGRO22 | C11: ='Grant Information'!D4 -> 80NSSC22K1197 | D11: ='Grant Information'!E4 -> Pai Asnodkar, Anusha
B12: ='Grant Information'!C4 -> NSTGRO22 | C12: ='Grant Information'!D4 -> 80NSSC22K1197 | D12: ='Grant Information'!E4 -> Pai Asnodkar, Anusha
B13: ='Grant Information'!C4 -> NSTGRO22 | C13: ='Grant Information'!D4 -> 80NSSC22K1197 | D13: ='Grant Information'!E4 -> Pai Asnodkar, Anusha
B14: ='Grant Information'!C4 -> NSTGRO22 | C14: ='Grant Information'!D4 -> 80NSSC22K1197 | D14: ='Grant Information'!E4 -> Pai Asnodkar, Anusha
B15: ='Grant Information'!C4 -> NSTGRO22 | C15: ='Grant Information'!D4 -> 80NSSC22K1197 | D15: ='Grant Information'!E4 -> Pai Asnodkar, Anusha
B16: ='Grant Information'!C4 -> NSTGRO22 | C16: ='Grant Information'!D4 -> 80NSSC22K1197 | D16: ='Grant Information'!E4 -> Pai Asnodkar, Anusha
B17: ='Grant Information'!C4 -> NSTGRO22 | C17: ='Grant Information'!D4 -> 80NSSC22K1197 | D17: ='Grant Information'!E4 -> Pai Asnodkar, Anusha
B18: ='Grant Information'!C4 -> NSTGRO22 | C18: ='Grant Information'!D4 -> 80NSSC22K1197 | D18: ='Grant Information'!E4 -> Pai Asnodkar, Anusha
B19: ='Grant Information'!C4 -> NSTGRO22 | C19: ='Grant Information'!D4 -> 80NSSC22K1197 | D19: ='Grant Information'!E4 -> Pai Asnodkar, Anusha
B20: ='Grant Information'!C4 -> NSTGRO22 | C20: ='Grant Information'!D4 -> 80NSSC22K1197 | D20: ='Grant Information'!E4 -> Pai Asnodkar, Anusha

Sheet Press&Comms
A1: PRESS/COMMUNICATIONS ABOUT THE TECHNOLOGY
B2: Class | C2: Grant Number | D2: PI Name (Last, First) | E2: Dissemination Type | F2: Authorship (Last name followed by first and middle initials of each author) List ALL authors for 2-6 authors and only first 3 with et al for 7+ | G2: Date (Year/Month) | H2: Title | I2: pages, if any | J2: url information, if online | K2: NewsPaper and/or Publisher | L2: Notes
A3: EXAMPLES | B3: ='Grant Information'!C3 -> NSTRF19 | C3: ='Grant Information'!D3 -> NNX13ACyyG | D3: ='Grant Information'!E3 -> Smith, Jane | E3: News Article | F3: Smith J. A., Roberts M. N., and Davis S.G. | G3: 2014/05 | H3: Cyclical Hydrogen Storage | I3: 22-23 | J3: https://www.washingtonpost.com | K3: Washington Post | M3: PLEASE DO NOT OVERWRITE THIS EXAMPLE
B4: ='Grant Information'!C3 -> NSTRF19 | C4: ='Grant Information'!D3 -> NNX13ACyyG | D4: ='Grant Information'!E3 -> Smith, Jane | E4: Special Recognition | F4: Smith J. | G4: 2015/07 | H4: Nanomaterials for Space | J4: http://ieee.org | K4: IEEE | L4: Best Paper Award at IEEE Conference | M4: PLEASE DO NOT OVERWRITE THIS EXAMPLE
B5: ='Grant Information'!C4 -> NSTGRO22 | C5: ='Grant Information'!D4 -> 80NSSC22K1197 | D5: ='Grant Information'!E4 -> Pai Asnodkar, Anusha | E5: Special Recognition | G5: 2022/04 | H5: Anusha Pai Asnodkar selected as NASA Space Technology Graduate Researcher | J5: https://astronomy.osu.edu/news/anusha-pai-asnodkar-selected-nasa-space-technology-graduate-researcher | K5: OSU Astronomy Department | L5: Department website news update | M5: PLEASE ENTER YOUR INFORMATION IN THIS ROW
B6: ='Grant Information'!C4 -> NSTGRO22 | C6: ='Grant Information'!D4 -> 80NSSC22K1197 | D6: ='Grant Information'!E4 -> Pai Asnodkar, Anusha
B7: ='Grant Information'!C4 -> NSTGRO22 | C7: ='Grant Information'!D4 -> 80NSSC22K1197 | D7: ='Grant Information'!E4 -> Pai Asnodkar, Anusha
B8: ='Grant Information'!C4 -> NSTGRO22 | C8: ='Grant Information'!D4 -> 80NSSC22K1197 | D8: ='Grant Information'!E4 -> Pai Asnodkar, Anusha
B9: ='Grant Information'!C4 -> NSTGRO22 | C9: ='Grant Information'!D4 -> 80NSSC22K1197 | D9: ='Grant Information'!E4 -> Pai Asnodkar, Anusha
B10: ='Grant Information'!C4 -> NSTGRO22 | C10: ='Grant Information'!D4 -> 80NSSC22K1197 | D10: ='Grant Information'!E4 -> Pai Asnodkar, Anusha
B11: ='Grant Information'!C4 -> NSTGRO22 | C11: ='Grant Information'!D4 -> 80NSSC22K1197 | D11: ='Grant Information'!E4 -> Pai Asnodkar, Anusha
B12: ='Grant Information'!C4 -> NSTGRO22 | C12: ='Grant Information'!D4 -> 80NSSC22K1197 | D12: ='Grant Information'!E4 -> Pai Asnodkar, Anusha
B13: ='Grant Information'!C4 -> NSTGRO22 | C13: ='Grant Information'!D4 -> 80NSSC22K1197 | D13: ='Grant Information'!E4 -> Pai Asnodkar, Anusha
B14: ='Grant Information'!C4 -> NSTGRO22 | C14: ='Grant Information'!D4 -> 80NSSC22K1197 | D14: ='Grant Information'!E4 -> Pai Asnodkar, Anusha
B15: ='Grant Information'!C4 -> NSTGRO22 | C15: ='Grant Information'!D4 -> 80NSSC22K1197 | D15: ='Grant Information'!E4 -> Pai Asnodkar, Anusha
B16: ='Grant Information'!C4 -> NSTGRO22 | C16: ='Grant Information'!D4 -> 80NSSC22K1197 | D16: ='Grant Information'!E4 -> Pai Asnodkar, Anusha
B17: ='Grant Information'!C4 -> NSTGRO22 | C17: ='Grant Information'!D4 -> 80NSSC22K1197 | D17: ='Grant Information'!E4 -> Pai Asnodkar, Anusha
B18: ='Grant Information'!C4 -> NSTGRO22 | C18: ='Grant Information'!D4 -> 80NSSC22K1197 | D18: ='Grant Information'!E4 -> Pai Asnodkar, Anusha
B19: ='Grant Information'!C4 -> NSTGRO22 | C19: ='Grant Information'!D4 -> 80NSSC22K1197 | D19: ='Grant Information'!E4 -> Pai Asnodkar, Anusha
B20: ='Grant Information'!C4 -> NSTGRO22 | C20: ='Grant Information'!D4 -> 80NSSC22K1197 | D20: ='Grant Information'!E4 -> Pai Asnodkar, Anusha
B21: ='Grant Information'!C4 -> NSTGRO22 | C21: ='Grant Information'!D4 -> 80NSSC22K1197 | D21: ='Grant Information'!E4 -> Pai Asnodkar, Anusha

Sheet Funding|Collaboration
A1: FUNDING/COLLABORATION (CONCURRENT TO OR FOLLOWING THE GRANT)
B2: Class | C2: Grant Number | D2: PI Name (Last, First) | E2: Funding Source | F2: Concurrent or Post STRG | G2: Award Type (e.g., NASA/STMD program, NASA/STTR Subtopic,NASA Challenge, Other Govt Agency Program, etc.) | H2: Funding Value | I2: Award Date/Duration | J2: Title | K2: URL information, if online | L2: Notes
A3: EXAMPLE | B3: ='Grant Information'!C3 -> NSTRF19 | C3: ='Grant Information'!D3 -> NNX13ACyyG | D3: ='Grant Information'!E3 -> Smith, Jane | E3: NASA | F3: Concurrent | G3: STTR T4.04 Phase 1 | H3: $125K | I3: April 2014; 6 months | J3: A Constellation Framework | K3: http://sbir.nasa.gov/solicit/52896/detail?data=ch9&s=52890 | M3: PLEASE DO NOT OVERWRITE THIS EXAMPLE
B4: ='Grant Information'!C4 -> NSTGRO22 | C4: ='Grant Information'!D4 -> 80NSSC22K1197 | D4: ='Grant Information'!E4 -> Pai Asnodkar, Anusha | M4: PLEASE ENTER YOUR INFORMATION IN THIS ROW
B5: ='Grant Information'!C4 -> NSTGRO22 | C5: ='Grant Information'!D4 -> 80NSSC22K1197 | D5: ='Grant Information'!E4 -> Pai Asnodkar, Anusha
B6: ='Grant Information'!C4 -> NSTGRO22 | C6: ='Grant Information'!D4 -> 80NSSC22K1197 | D6: ='Grant Information'!E4 -> Pai Asnodkar, Anusha
B7: ='Grant Information'!C4 -> NSTGRO22 | C7: ='Grant Information'!D4 -> 80NSSC22K1197 | D7: ='Grant Information'!E4 -> Pai Asnodkar, Anusha
B8: ='Grant Information'!C4 -> NSTGRO22 | C8: ='Grant Information'!D4 -> 80NSSC22K1197 | D8: ='Grant Information'!E4 -> Pai Asnodkar, Anusha
B9: ='Grant Information'!C4 -> NSTGRO22 | C9: ='Grant Information'!D4 -> 80NSSC22K1197 | D9: ='Grant Information'!E4 -> Pai Asnodkar, Anusha
B10: ='Grant Information'!C4 -> NSTGRO22 | C10: ='Grant Information'!D4 -> 80NSSC22K1197 | D10: ='Grant Information'!E4 -> Pai Asnodkar, Anusha
B11: ='Grant Information'!C4 -> NSTGRO22 | C11: ='Grant Information'!D4 -> 80NSSC22K1197 | D11: ='Grant Information'!E4 -> Pai Asnodkar, Anusha
B12: ='Grant Information'!C4 -> NSTGRO22 | C12: ='Grant Information'!D4 -> 80NSSC22K1197 | D12: ='Grant Information'!E4 -> Pai Asnodkar, Anusha
B13: ='Grant Information'!C4 -> NSTGRO22 | C13: ='Grant Information'!D4 -> 80NSSC22K1197 | D13: ='Grant Information'!E4 -> Pai Asnodkar, Anusha
B14: ='Grant Information'!C4 -> NSTGRO22 | C14: ='Grant Information'!D4 -> 80NSSC22K1197 | D14: ='Grant Information'!E4 -> Pai Asnodkar, Anusha
B15: ='Grant Information'!C4 -> NSTGRO22 | C15: ='Grant Information'!D4 -> 80NSSC22K1197 | D15: ='Grant Information'!E4 -> Pai Asnodkar, Anusha
B16: ='Grant Information'!C4 -> NSTGRO22 | C16: ='Grant Information'!D4 -> 80NSSC22K1197 | D16: ='Grant Information'!E4 -> Pai Asnodkar, Anusha
B17: ='Grant Information'!C4 -> NSTGRO22 | C17: ='Grant Information'!D4 -> 80NSSC22K1197 | D17: ='Grant Information'!E4 -> Pai Asnodkar, Anusha
B18: ='Grant Information'!C4 -> NSTGRO22 | C18: ='Grant Information'!D4 -> 80NSSC22K1197 | D18: ='Grant Information'!E4 -> Pai Asnodkar, Anusha
B19: ='Grant Information'!C4 -> NSTGRO22 | C19: ='Grant Information'!D4 -> 80NSSC22K1197 | D19: ='Grant Information'!E4 -> Pai Asnodkar, Anusha
B20: ='Grant Information'!C4 -> NSTGRO22 | C20: ='Grant Information'!D4 -> 80NSSC22K1197 | D20: ='Grant Information'!E4 -> Pai Asnodkar, Anusha

Sheet TechTransfer
A1: TECHNOLOGY TRANSFER - POTENTIAL AND TRANSITION(S)
B2: Class | C2: Grant Number | D2: PI Name (Last, First) | E2: Current TRL Level | F2: TRL Justification (See TRL Definitions) | G2: New Technology Report (NTR) - Provide Number | H2: NASA Tech Briefs (N/A or Year/Month) | I2: Patent or Patent Pending | J2: If Patent: Patent Number | K2: If Patent: Title and/or Subject | L2: Patent URL, if any | M2: Transition to Other Program, i.e., Technology considered for higher TRL level activity (or any other activity) | N2: Title or Description of Other Program and Activity (including URL, if any) | O2: If Software, SUA or Open Source | P2: Notes
A3: EXAMPLE | B3: ='Grant Information'!C3 -> NSTRF19 | C3: ='Grant Information'!D3 -> NNX13ACyyG | D3: ='Grant Information'!E3 -> Smith, Jane | E3: 4 | F3: A component breadboard has been built and demonstrated in the lab as a simulation of the final operating environment. | G3: e-NTR #: 1436927049 | H3: N/A | I3: Yes | J3: N/A | K3: N/A | L3: N/A | M3: NASA Space Technology Mission Directorate (STMD) | N3: Small Spacecraft Technology (SST) Award: http://www.nasa.gov/content/smallsat-technology-partnership-selections-nasa-university-collaborations/#.VfHyeun1_S1 | O3: N/A | Q3: PLEASE DO NOT OVERWRITE THIS EXAMPLE
B4: ='Grant Information'!C4 -> NSTGRO22 | C4: ='Grant Information'!D4 -> 80NSSC22K1197 | D4: ='Grant Information'!E4 -> Pai Asnodkar, Anusha | Q4: PLEASE ENTER YOUR INFORMATION IN THIS ROW
B5: ='Grant Information'!C4 -> NSTGRO22 | C5: ='Grant Information'!D4 -> 80NSSC22K1197 | D5: ='Grant Information'!E4 -> Pai Asnodkar, Anusha
B6: ='Grant Information'!C4 -> NSTGRO22 | C6: ='Grant Information'!D4 -> 80NSSC22K1197 | D6: ='Grant Information'!E4 -> Pai Asnodkar, Anusha
B7: ='Grant Information'!C4 -> NSTGRO22 | C7: ='Grant Information'!D4 -> 80NSSC22K1197 | D7: ='Grant Information'!E4 -> Pai Asnodkar, Anusha
B8: ='Grant Information'!C4 -> NSTGRO22 | C8: ='Grant Information'!D4 -> 80NSSC22K1197 | D8: ='Grant Information'!E4 -> Pai Asnodkar, Anusha
B9: ='Grant Information'!C4 -> NSTGRO22 | C9: ='Grant Information'!D4 -> 80NSSC22K1197 | D9: ='Grant Information'!E4 -> Pai Asnodkar, Anusha
B10: ='Grant Information'!C4 -> NSTGRO22 | C10: ='Grant Information'!D4 -> 80NSSC22K1197 | D10: ='Grant Information'!E4 -> Pai Asnodkar, Anusha
B11: ='Grant Information'!C4 -> NSTGRO22 | C11: ='Grant Information'!D4 -> 80NSSC22K1197 | D11: ='Grant Information'!E4 -> Pai Asnodkar, Anusha
B12: ='Grant Information'!C4 -> NSTGRO22 | C12: ='Grant Information'!D4 -> 80NSSC22K1197 | D12: ='Grant Information'!E4 -> Pai Asnodkar, Anusha
B13: ='Grant Information'!C4 -> NSTGRO22 | C13: ='Grant Information'!D4 -> 80NSSC22K1197 | D13: ='Grant Information'!E4 -> Pai Asnodkar, Anusha
B14: ='Grant Information'!C4 -> NSTGRO22 | C14: ='Grant Information'!D4 -> 80NSSC22K1197 | D14: ='Grant Information'!E4 -> Pai Asnodkar, Anusha
B15: ='Grant Information'!C4 -> NSTGRO22 | C15: ='Grant Information'!D4 -> 80NSSC22K1197 | D15: ='Grant Information'!E4 -> Pai Asnodkar, Anusha
B16: ='Grant Information'!C4 -> NSTGRO22 | C16: ='Grant Information'!D4 -> 80NSSC22K1197 | D16: ='Grant Information'!E4 -> Pai Asnodkar, Anusha
B17: ='Grant Information'!C4 -> NSTGRO22 | C17: ='Grant Information'!D4 -> 80NSSC22K1197 | D17: ='Grant Information'!E4 -> Pai Asnodkar, Anusha
B18: ='Grant Information'!C4 -> NSTGRO22 | C18: ='Grant Information'!D4 -> 80NSSC22K1197 | D18: ='Grant Information'!E4 -> Pai Asnodkar, Anusha
B19: ='Grant Information'!C4 -> NSTGRO22 | C19: ='Grant Information'!D4 -> 80NSSC22K1197 | D19: ='Grant Information'!E4 -> Pai Asnodkar, Anusha
B20: ='Grant Information'!C4 -> NSTGRO22 | C20: ='Grant Information'!D4 -> 80NSSC22K1197 | D20: ='Grant Information'!E4 -> Pai Asnodkar, Anusha

Sheet TRL Definitions
A1: Technology Readiness Levels (TRL) DEFINITIONS
A3: References: | B3: http://nspires.nasaprs.com/external/solicitations/summary.do?method=init&solId={C4700383-CA28-812D-2968-EB26EAE285A6}&path=open
B4: and http://nodis3.gsfc.nasa.gov/displayDir.cfm?Internal_ID=N_PR_7123_001B_&page_name=AppendixE&search_term=7123.1b
A6: TRL | B6: Definition | C6: Hardware Description | D6: Software Description | E6: Exit Criteria
A7: 1 | B7: Basic principles observed and reported. | C7: Scientific knowledge generated underpinning hardware technology concepts/applications. | D7: Scientific knowledge generated underpinning basic properties of software architecture and mathematical formulation. | E7: Peer reviewed publication of research underlying the proposed concept/application.
A8: 2 | B8: Technology concept and/or application formulated. | C8: Invention begins, practical application is identified but is speculative, no experimental proof or detailed analysis is available to support the conjecture. | D8: Practical application is identified but is speculative, no experimental proof or detailed analysis is available to support the conjecture. Basic properties of algorithms, representations and concepts defined. Basic principles coded. Experiments performed with synthetic data. | E8: Documented description of the application/concept that addresses feasibility and benefit.
A9: 3 | B9: Analytical and experimental critical function and/or characteristic proof of concept. | C9: Analytical studies place the technology in an appropriate context and laboratory demonstrations, modeling and simulation validate analytical prediction. | D9: Development of limited functionality to validate critical properties and predictions using non-integrated software components. | E9: Documented analytical/experimental results validating predictions of key parameters.
A10: 4 | B10: Component/subsystem and/or breadboard validation in laboratory environment. | C10: A low fidelity system/component breadboard is built and operated to demonstrate basic functionality and critical test environments, and associated performance predictions are defined relative to the final operating environment. | D10: Key, functionally critical, software components are integrated, and functionally validated, to establish interoperability and begin architecture development. Relevant environments defined and performance in this environment predicted. | E10: Documented test performance demonstrating agreement with analytical predictions. Documented definition of relevant environment.
A11: 5 | B11: Component and/or breadboard validation in relevant environment. | C11: A medium fidelity system/component brassboard is built and operated to demonstrate overall performance in a simulated operational environment with realistic support elements that demonstrates overall performance in critical areas. Performance predictions are made for subsequent development phases. | D11: End-to-end software elements implemented and interfaced with existing systems/simulations conforming to target environment. End-to-end software system, tested in relevant environment, meeting predicted performance. Operational environment performance predicted. Prototype implementations developed. | E11: Documented test performance demonstrating agreement with analytical predictions. Documented definition of scaling requirements.
A12: 6 | B12: System/sub-system model or prototype demonstration in a relevant environment. | C12: A high fidelity system/component prototype that adequately addresses all critical scaling issues is built and operated in a relevant environment to demonstrate operations under critical environmental conditions. | D12: Prototype implementations of the software demonstrated on full-scale realistic problems. Partially integrate with existing hardware/software systems. Limited documentation available. Engineering feasibility fully demonstrated. | E12: Documented test performance demonstrating agreement with analytical predictions.
A13: 7 | B13: System prototype demonstration in an operational environment. | C13: A high fidelity engineering unit that adequately addresses all critical scaling issues is built and operated in a relevant environment to demonstrate performance in the actual operational environment and platform (ground, airborne, or space). | D13: Prototype software exists having all key functionality available for demonstration and test. Well integrated with operational hardware/software systems demonstrating operational feasibility. Most software bugs removed. Limited documentation available. | E13: Documented test performance demonstrating agreement with analytical predictions.
A14: 8 | B14: Actual system completed and "flight qualified" through test and demonstration. | C14: The final product in its final configuration is successfully demonstrated through test and analysis for its intended operational environment and platform (ground, airborne, or space). | D14: All software has been thoroughly debugged and fully integrated with all operational hardware and software systems. All user documentation, training documentation, and maintenance documentation completed. All functionality successfully demonstrated in simulated operational scenarios. Verification and Validation completed. | E14: Documented test performance verifying analytical predictions.
A15: 9 | B15: Actual system flight proven through successful mission operations (ground or space). | C15: The final product is successfully operated in an actual mission. | D15: All software has been thoroughly debugged and fully integrated with all operational hardware and software systems. All documentation has been completed. Sustaining software support is in place. System has been successfully operated in the operational environment. | E15: Documented mission operational results.

Sheet Pull Down Menus Selections
A1: WORKING PAGE - PULL DOWN MENU SELECTIONS USED IN OTHER PAGES
A2: Grant Information - Column B | C2: Grant Information | D2: Publications | E2: Press & Communications | F2: Funding/Collaboration | G2: Funding/Collaboration | H2: Tech Transfer | I2: Tech Transfer | J2: Tech Transfer | K2: Tech Transfer
A3: Program | B3: Year | C3: Column F | D3: Column E | E3: Column E | F3: Column E | G3: Column F | H3: Column E | I3: Column I | J3: Column M | K3: Column O
A4: ECF | B4: ECF12 | C4: Grant Active | D4: Journal Article | E4: Press Release | F4: NASA | G4: Concurrent | H4: 1 | I4: Yes | J4: NASA Space Technology Mission Directorate (STMD) | K4: N/A
A5: ESI | B5: ECF14 | C5: Grant Closeout | D5: Book | E5: News Article | F5: Academia | G5: Follow-On | H5: 2 | I5: No | J5: NASA Science Mission Directorate (SMD) | K5: US Govt Purpose
A6: NSTRF | B6: ECF15 | C6: 1 Year After Completion | D6: Chapter In Book | E6: Radio Show | F6: Other Government Agency | H6: 3 | J6: NASA Human Exploration and Operations Mission Directorate (HEOMD) | K6: General Public
A7: NSTGRO | B7: ECF16 | D7: Dissertation (PhD) | E7: Ted Talk | F7: Industry | H7: 4 | J7: NASA Aeronautics Research Mission Directorate (ARMD) | K7: US
A8: LuSTR | B8: ECF17 | D8: Thesis (M.S.) | E8: Podcast | F8: International | H8: 5 | J8: Other Government Agency (OGA) | K8: Open Source
A9: STRI | B9: ECF18 | D9: Conference Paper | E9: Special Recognition | F9: Award/Prize | H9: 6 | J9: Industry
B10: ECF19 | D10: Poster | E10: Other | F10: Other | H10: 7 | J10: Other
B11: ECF20 | D11: Conference Talk (only) | H11: 8
B12: ECF21 | D12: Presentation at a NASA Center | H12: 9
B13: ECF22
B14: ECF23
B15: ECF24
B16: ECF25
B17: ESI12
B18: ESI13
B19: ESI14
B20: ESI15
B21: ESI16
B22: ESI17
B23: ESI18
B24: ESI19
... B56: STRI24
