Workbook

Sheet calcs
B1: -1 | C1: -0.95 | D1: -0.9 | E1: -0.85 | F1: -0.8 | G1: -0.75 | H1: -0.7 | I1: -0.65 | J1: -0.6 | K1: -0.55 | L1: -0.5 | M1: -0.45 | N1: -0.4 | O1: -0.35 | P1: -0.3 | Q1: -0.25 | R1: -0.2 | S1: -0.15 | T1: -0.1 | U1: -0.05 | V1: 0 | W1: 0.05 | X1: 0.1 | Y1: 0.15 | Z1: 0.2 | AA1: 0.25 | AB1: 0.3 | AC1: 0.35 | AD1: 0.4 | AE1: 0.45 | AF1: 0.5 | AG1: 0.55 | AH1: 0.6 | AI1: 0.65 | AJ1: 0.7 | AK1: 0.75 | AL1: 0.8 | AM1: 0.85 | AN1: 0.9 | AO1: 0.95 | AP1: 1
A2: -1 | B2: =2*PI()-(ATAN2(B$1,ABS($A2))) -> 3.9269908 | C2: =2*PI()-(ATAN2(C$1,ABS($A2))) -> 3.9526262 | D2: =2*PI()-(ATAN2(D$1,ABS($A2))) -> 3.9795739 | E2: =2*PI()-(ATAN2(E$1,ABS($A2))) -> 4.0078949 | F2: =2*PI()-(ATAN2(F$1,ABS($A2))) -> 4.037648 | G2: =2*PI()-(ATAN2(G$1,ABS($A2))) -> 4.0688879 | H2: =2*PI()-(ATAN2(H$1,ABS($A2))) -> 4.101663 | I2: =2*PI()-(ATAN2(I$1,ABS($A2))) -> 4.1360138 | ... AP2: =2*PI()-(ATAN2(AP$1,ABS($A2))) -> 5.4977871
A3: -0.95 | B3: =2*PI()-(ATAN2(B$1,ABS($A3))) -> 3.9013554 | C3: =2*PI()-(ATAN2(C$1,ABS($A3))) -> 3.9269908 | D3: =2*PI()-(ATAN2(D$1,ABS($A3))) -> 3.9540113 | E3: =2*PI()-(ATAN2(E$1,ABS($A3))) -> 3.9824893 | F3: =2*PI()-(ATAN2(F$1,ABS($A3))) -> 4.0124961 | G3: =2*PI()-(ATAN2(G$1,ABS($A3))) -> 4.0440996 | H3: =2*PI()-(ATAN2(H$1,ABS($A3))) -> 4.0773622 | I3: =2*PI()-(ATAN2(I$1,ABS($A3))) -> 4.1123388 | ... AP3: =2*PI()-(ATAN2(AP$1,ABS($A3))) -> 5.5234226
A4: -0.9 | B4: =2*PI()-(ATAN2(B$1,ABS($A4))) -> 3.8744078 | C4: =2*PI()-(ATAN2(C$1,ABS($A4))) -> 3.8999704 | D4: =2*PI()-(ATAN2(D$1,ABS($A4))) -> 3.9269908 | E4: =2*PI()-(ATAN2(E$1,ABS($A4))) -> 3.9555545 | F4: =2*PI()-(ATAN2(F$1,ABS($A4))) -> 3.9857466 | G4: =2*PI()-(ATAN2(G$1,ABS($A4))) -> 4.0176507 | H4: =2*PI()-(ATAN2(H$1,ABS($A4))) -> 4.0513458 | I4: =2*PI()-(ATAN2(I$1,ABS($A4))) -> 4.0869039 | ... AP4: =2*PI()-(ATAN2(AP$1,ABS($A4))) -> 5.5503702
A5: -0.85 | B5: =2*PI()-(ATAN2(B$1,ABS($A5))) -> 3.8460867 | C5: =2*PI()-(ATAN2(C$1,ABS($A5))) -> 3.8714923 | D5: =2*PI()-(ATAN2(D$1,ABS($A5))) -> 3.8984272 | E5: =2*PI()-(ATAN2(E$1,ABS($A5))) -> 3.9269908 | F5: =2*PI()-(ATAN2(F$1,ABS($A5))) -> 3.9572846 | G5: =2*PI()-(ATAN2(G$1,ABS($A5))) -> 3.9894096 | H5: =2*PI()-(ATAN2(H$1,ABS($A5))) -> 4.0234646 | I5: =2*PI()-(ATAN2(I$1,ABS($A5))) -> 4.0595423 | ... AP5: =2*PI()-(ATAN2(AP$1,ABS($A5))) -> 5.5786912
A6: -0.8 | B6: =2*PI()-(ATAN2(B$1,ABS($A6))) -> 3.8163336 | C6: =2*PI()-(ATAN2(C$1,ABS($A6))) -> 3.8414855 | D6: =2*PI()-(ATAN2(D$1,ABS($A6))) -> 3.868235 | E6: =2*PI()-(ATAN2(E$1,ABS($A6))) -> 3.8966971 | F6: =2*PI()-(ATAN2(F$1,ABS($A6))) -> 3.9269908 | G6: =2*PI()-(ATAN2(G$1,ABS($A6))) -> 3.9592377 | H6: =2*PI()-(ATAN2(H$1,ABS($A6))) -> 3.993559 | I6: =2*PI()-(ATAN2(I$1,ABS($A6))) -> 4.0300724 | ... AP6: =2*PI()-(ATAN2(AP$1,ABS($A6))) -> 5.6084444
A7: -0.75 | B7: =2*PI()-(ATAN2(B$1,ABS($A7))) -> 3.7850938 | C7: =2*PI()-(ATAN2(C$1,ABS($A7))) -> 3.8098821 | D7: =2*PI()-(ATAN2(D$1,ABS($A7))) -> 3.8363309 | E7: =2*PI()-(ATAN2(E$1,ABS($A7))) -> 3.864572 | F7: =2*PI()-(ATAN2(F$1,ABS($A7))) -> 3.8947439 | G7: =2*PI()-(ATAN2(G$1,ABS($A7))) -> 3.9269908 | H7: =2*PI()-(ATAN2(H$1,ABS($A7))) -> 3.9614599 | I7: =2*PI()-(ATAN2(I$1,ABS($A7))) -> 3.9982983 | ... AP7: =2*PI()-(ATAN2(AP$1,ABS($A7))) -> 5.6396842
A8: -0.7 | B8: =2*PI()-(ATAN2(B$1,ABS($A8))) -> 3.7523186 | C8: =2*PI()-(ATAN2(C$1,ABS($A8))) -> 3.7766194 | D8: =2*PI()-(ATAN2(D$1,ABS($A8))) -> 3.8026358 | E8: =2*PI()-(ATAN2(E$1,ABS($A8))) -> 3.830517 | F8: =2*PI()-(ATAN2(F$1,ABS($A8))) -> 3.8604227 | G8: =2*PI()-(ATAN2(G$1,ABS($A8))) -> 3.8925217 | H8: =2*PI()-(ATAN2(H$1,ABS($A8))) -> 3.9269908 | I8: =2*PI()-(ATAN2(I$1,ABS($A8))) -> 3.9640109 | ... AP8: =2*PI()-(ATAN2(AP$1,ABS($A8))) -> 5.6724593
A9: -0.65 | B9: =2*PI()-(ATAN2(B$1,ABS($A9))) -> 3.7179679 | C9: =2*PI()-(ATAN2(C$1,ABS($A9))) -> 3.7416429 | D9: =2*PI()-(ATAN2(D$1,ABS($A9))) -> 3.7670777 | E9: =2*PI()-(ATAN2(E$1,ABS($A9))) -> 3.7944393 | F9: =2*PI()-(ATAN2(F$1,ABS($A9))) -> 3.8239092 | G9: =2*PI()-(ATAN2(G$1,ABS($A9))) -> 3.8556834 | H9: =2*PI()-(ATAN2(H$1,ABS($A9))) -> 3.8899707 | I9: =2*PI()-(ATAN2(I$1,ABS($A9))) -> 3.9269908 | ... AP9: =2*PI()-(ATAN2(AP$1,ABS($A9))) -> 5.7068101
A10: -0.6 | B10: =2*PI()-(ATAN2(B$1,ABS($A10))) -> 3.6820122 | C10: =2*PI()-(ATAN2(C$1,ABS($A10))) -> 3.7049089 | D10: =2*PI()-(ATAN2(D$1,ABS($A10))) -> 3.7295953 | E10: =2*PI()-(ATAN2(E$1,ABS($A10))) -> 3.7562556 | F10: =2*PI()-(ATAN2(F$1,ABS($A10))) -> 3.7850938 | G10: =2*PI()-(ATAN2(G$1,ABS($A10))) -> 3.8163336 | H10: =2*PI()-(ATAN2(H$1,ABS($A10))) -> 3.8502189 | I10: =2*PI()-(ATAN2(I$1,ABS($A10))) -> 3.8870121 | ... AP10: =2*PI()-(ATAN2(AP$1,ABS($A10))) -> 5.7427658
A11: -0.55 | B11: =2*PI()-(ATAN2(B$1,ABS($A11))) -> 3.6444359 | C11: =2*PI()-(ATAN2(C$1,ABS($A11))) -> 3.6663884 | D11: =2*PI()-(ATAN2(D$1,ABS($A11))) -> 3.6901421 | E11: =2*PI()-(ATAN2(E$1,ABS($A11))) -> 3.7158975 | F11: =2*PI()-(ATAN2(F$1,ABS($A11))) -> 3.74388 | G11: =2*PI()-(ATAN2(G$1,ABS($A11))) -> 3.7743415 | H11: =2*PI()-(ATAN2(H$1,ABS($A11))) -> 3.8075619 | I11: =2*PI()-(ATAN2(I$1,ABS($A11))) -> 3.8438496 | ... AP11: =2*PI()-(ATAN2(AP$1,ABS($A11))) -> 5.7803421
A12: -0.5 | B12: =2*PI()-(ATAN2(B$1,ABS($A12))) -> 3.6052403 | C12: =2*PI()-(ATAN2(C$1,ABS($A12))) -> 3.6260706 | D12: =2*PI()-(ATAN2(D$1,ABS($A12))) -> 3.6486912 | E12: =2*PI()-(ATAN2(E$1,ABS($A12))) -> 3.6733167 | F12: =2*PI()-(ATAN2(F$1,ABS($A12))) -> 3.700192 | G12: =2*PI()-(ATAN2(G$1,ABS($A12))) -> 3.7295953 | H12: =2*PI()-(ATAN2(H$1,ABS($A12))) -> 3.7618421 | I12: =2*PI()-(ATAN2(I$1,ABS($A12))) -> 3.7972883 | ... AP12: =2*PI()-(ATAN2(AP$1,ABS($A12))) -> 5.8195377
A13: -0.45 | B13: =2*PI()-(ATAN2(B$1,ABS($A13))) -> 3.5644466 | C13: =2*PI()-(ATAN2(C$1,ABS($A13))) -> 3.5839669 | D13: =2*PI()-(ATAN2(D$1,ABS($A13))) -> 3.6052403 | E13: =2*PI()-(ATAN2(E$1,ABS($A13))) -> 3.6284919 | F13: =2*PI()-(ATAN2(F$1,ABS($A13))) -> 3.6539821 | G13: =2*PI()-(ATAN2(G$1,ABS($A13))) -> 3.6820122 | H13: =2*PI()-(ATAN2(H$1,ABS($A13))) -> 3.7129301 | I13: =2*PI()-(ATAN2(I$1,ABS($A13))) -> 3.7471373 | ... AP13: =2*PI()-(ATAN2(AP$1,ABS($A13))) -> 5.8603314
... A21: -0.05 | B21: =2*PI()-(ATAN2(B$1,ABS($A21))) -> 3.191551 | C21: =2*PI()-(ATAN2(C$1,ABS($A21))) -> 3.1941757 | D21: =2*PI()-(ATAN2(D$1,ABS($A21))) -> 3.1970912 | E21: =2*PI()-(ATAN2(E$1,ABS($A21))) -> 3.2003485 | F21: =2*PI()-(ATAN2(F$1,ABS($A21))) -> 3.2040115 | G21: =2*PI()-(ATAN2(G$1,ABS($A21))) -> 3.2081608 | H21: =2*PI()-(ATAN2(H$1,ABS($A21))) -> 3.2129001 | I21: =2*PI()-(ATAN2(I$1,ABS($A21))) -> 3.2183645 | ... AP21: =2*PI()-(ATAN2(AP$1,ABS($A21))) -> 6.2332269
A22: 0 | B22: =ATAN2(B$1,$A22) -> 3.1415927 | C22: =ATAN2(C$1,$A22) -> 3.1415927 | D22: =ATAN2(D$1,$A22) -> 3.1415927 | E22: =ATAN2(E$1,$A22) -> 3.1415927 | F22: =ATAN2(F$1,$A22) -> 3.1415927 | G22: =ATAN2(G$1,$A22) -> 3.1415927 | H22: =ATAN2(H$1,$A22) -> 3.1415927 | I22: =ATAN2(I$1,$A22) -> 3.1415927 | ... U22: =ATAN2(U$1,$A22) -> 3.1415927 | V22: 0 | W22: =ATAN2(W$1,$A22) -> 0 | X22: =ATAN2(X$1,$A22) -> 0 | Y22: =ATAN2(Y$1,$A22) -> 0 | Z22: =ATAN2(Z$1,$A22) -> 0 | AA22: =ATAN2(AA$1,$A22) -> 0 | AB22: =ATAN2(AB$1,$A22) -> 0 | AC22: =ATAN2(AC$1,$A22) -> 0 | AD22: =ATAN2(AD$1,$A22) -> 0 | ... AP22: =ATAN2(AP$1,$A22) -> 0
A23: 0.05 | B23: =ATAN2(B$1,$A23) -> 3.0916343 | C23: =ATAN2(C$1,$A23) -> 3.0890096 | D23: =ATAN2(D$1,$A23) -> 3.0860941 | E23: =ATAN2(E$1,$A23) -> 3.0828368 | F23: =ATAN2(F$1,$A23) -> 3.0791738 | G23: =ATAN2(G$1,$A23) -> 3.0750245 | H23: =ATAN2(H$1,$A23) -> 3.0702852 | I23: =ATAN2(I$1,$A23) -> 3.0648208 | ... AP23: =ATAN2(AP$1,$A23) -> 0.049958396
A24: 0.1 | B24: =ATAN2(B$1,$A24) -> 3.041924 | C24: =ATAN2(C$1,$A24) -> 3.0367157 | D24: =ATAN2(D$1,$A24) -> 3.0309354 | E24: =ATAN2(E$1,$A24) -> 3.0244839 | F24: =ATAN2(F$1,$A24) -> 3.0172377 | G24: =ATAN2(G$1,$A24) -> 3.0090411 | H24: =ATAN2(H$1,$A24) -> 2.9996956 | I24: =ATAN2(I$1,$A24) -> 2.9889433 | ... AP24: =ATAN2(AP$1,$A24) -> 0.099668652
A25: 0.15 | B25: =ATAN2(B$1,$A25) -> 2.9927027 | C25: =ATAN2(C$1,$A25) -> 2.9849908 | D25: =ATAN2(D$1,$A25) -> 2.976444 | E25: =ATAN2(E$1,$A25) -> 2.9669205 | F25: =ATAN2(F$1,$A25) -> 2.9562447 | G25: =ATAN2(G$1,$A25) -> 2.9441971 | H25: =ATAN2(H$1,$A25) -> 2.9304993 | I25: =ATAN2(I$1,$A25) -> 2.9147938 | ... AP25: =ATAN2(AP$1,$A25) -> 0.14888995
A26: 0.2 | B26: =ATAN2(B$1,$A26) -> 2.9441971 | C26: =ATAN2(C$1,$A26) -> 2.9340964 | D26: =ATAN2(D$1,$A26) -> 2.9229237 | E26: =ATAN2(E$1,$A26) -> 2.910502 | F26: =ATAN2(F$1,$A26) -> 2.896614 | G26: =ATAN2(G$1,$A26) -> 2.8809903 | H26: =ATAN2(H$1,$A26) -> 2.863293 | I26: =ATAN2(I$1,$A26) -> 2.8430937 | ... AP26: =ATAN2(AP$1,$A26) -> 0.19739556
A27: 0.25 | B27: =ATAN2(B$1,$A27) -> 2.896614 | C27: =ATAN2(C$1,$A27) -> 2.8842689 | D27: =ATAN2(D$1,$A27) -> 2.8706458 | E27: =ATAN2(E$1,$A27) -> 2.8555412 | F27: =ATAN2(F$1,$A27) -> 2.8387078 | G27: =ATAN2(G$1,$A27) -> 2.8198421 | H27: =ATAN2(H$1,$A27) -> 2.7985687 | I27: =ATAN2(I$1,$A27) -> 2.7744188 | ... AP27: =ATAN2(AP$1,$A27) -> 0.24497866
A28: 0.3 | B28: =ATAN2(B$1,$A28) -> 2.8501359 | C28: =ATAN2(C$1,$A28) -> 2.8357138 | D28: =ATAN2(D$1,$A28) -> 2.8198421 | E28: =ATAN2(E$1,$A28) -> 2.8023 | F28: =ATAN2(F$1,$A28) -> 2.782822 | G28: =ATAN2(G$1,$A28) -> 2.7610863 | H28: =ATAN2(H$1,$A28) -> 2.7367009 | I28: =ATAN2(I$1,$A28) -> 2.7091849 | ... AP28: =ATAN2(AP$1,$A28) -> 0.29145679
A29: 0.35 | B29: =ATAN2(B$1,$A29) -> 2.8049178 | C29: =ATAN2(C$1,$A29) -> 2.7886023 | D29: =ATAN2(D$1,$A29) -> 2.7707014 | E29: =ATAN2(E$1,$A29) -> 2.7509856 | F29: =ATAN2(F$1,$A29) -> 2.7291822 | G29: =ATAN2(G$1,$A29) -> 2.7049655 | H29: =ATAN2(H$1,$A29) -> 2.677945 | I29: =ATAN2(I$1,$A29) -> 2.6476513 | ... AP29: =ATAN2(AP$1,$A29) -> 0.33667482
A30: 0.4 | B30: =ATAN2(B$1,$A30) -> 2.7610863 | C30: =ATAN2(C$1,$A30) -> 2.7430702 | D30: =ATAN2(D$1,$A30) -> 2.7233683 | E30: =ATAN2(E$1,$A30) -> 2.7017501 | F30: =ATAN2(F$1,$A30) -> 2.677945 | G30: =ATAN2(G$1,$A30) -> 2.6516353 | H30: =ATAN2(H$1,$A30) -> 2.6224465 | I30: =ATAN2(I$1,$A30) -> 2.5899377 | ... AP30: =ATAN2(AP$1,$A30) -> 0.38050638
A31: 0.45 | B31: =ATAN2(B$1,$A31) -> 2.7187387 | C31: =ATAN2(C$1,$A31) -> 2.6992184 | D31: =ATAN2(D$1,$A31) -> 2.677945 | E31: =ATAN2(E$1,$A31) -> 2.6546934 | F31: =ATAN2(F$1,$A31) -> 2.6292032 | G31: =ATAN2(G$1,$A31) -> 2.6011732 | H31: =ATAN2(H$1,$A31) -> 2.5702552 | I31: =ATAN2(I$1,$A31) -> 2.536048 | ... AP31: =ATAN2(AP$1,$A31) -> 0.42285393
A32: 0.5 | B32: =ATAN2(B$1,$A32) -> 2.677945 | C32: =ATAN2(C$1,$A32) -> 2.6571147 | D32: =ATAN2(D$1,$A32) -> 2.6344941 | E32: =ATAN2(E$1,$A32) -> 2.6098686 | F32: =ATAN2(F$1,$A32) -> 2.5829933 | G32: =ATAN2(G$1,$A32) -> 2.5535901 | H32: =ATAN2(H$1,$A32) -> 2.5213432 | I32: =ATAN2(I$1,$A32) -> 2.485897 | ... AP32: =ATAN2(AP$1,$A32) -> 0.46364761
A33: 0.55 | B33: =ATAN2(B$1,$A33) -> 2.6387494 | C33: =ATAN2(C$1,$A33) -> 2.6167969 | D33: =ATAN2(D$1,$A33) -> 2.5930433 | E33: =ATAN2(E$1,$A33) -> 2.5672878 | F33: =ATAN2(F$1,$A33) -> 2.5393053 | G33: =ATAN2(G$1,$A33) -> 2.5088438 | H33: =ATAN2(H$1,$A33) -> 2.4756234 | I33: =ATAN2(I$1,$A33) -> 2.4393357 | ... AP33: =ATAN2(AP$1,$A33) -> 0.50284321
A34: 0.6 | B34: =ATAN2(B$1,$A34) -> 2.6011732 | C34: =ATAN2(C$1,$A34) -> 2.5782764 | D34: =ATAN2(D$1,$A34) -> 2.5535901 | E34: =ATAN2(E$1,$A34) -> 2.5269297 | F34: =ATAN2(F$1,$A34) -> 2.4980915 | G34: =ATAN2(G$1,$A34) -> 2.4668517 | H34: =ATAN2(H$1,$A34) -> 2.4329664 | I34: =ATAN2(I$1,$A34) -> 2.3961732 | ... AP34: =ATAN2(AP$1,$A34) -> 0.5404195
... A42: 1 | B42: =ATAN2(B$1,$A42) -> 2.3561945 | C42: =ATAN2(C$1,$A42) -> 2.3305591 | D42: =ATAN2(D$1,$A42) -> 2.3036114 | E42: =ATAN2(E$1,$A42) -> 2.2752904 | F42: =ATAN2(F$1,$A42) -> 2.2455373 | G42: =ATAN2(G$1,$A42) -> 2.2142974 | H42: =ATAN2(H$1,$A42) -> 2.1815223 | I42: =ATAN2(I$1,$A42) -> 2.1471715 | ... AP42: =ATAN2(AP$1,$A42) -> 0.78539816

Sheet fred data mask
A1: 1 | B1: =calcs!B2 -> 3.9269908 | C1: 1 | D1: =calcs!C2 -> 3.9526262 | E1: 1 | F1: =calcs!D2 -> 3.9795739 | G1: 1 | H1: =calcs!E2 -> 4.0078949 | I1: 1 | J1: =calcs!F2 -> 4.037648 | K1: 1 | L1: =calcs!G2 -> 4.0688879 | M1: 1 | N1: =calcs!H2 -> 4.101663 | O1: 1 | P1: =calcs!I2 -> 4.1360138 | Q1: 1 | R1: =calcs!J2 -> 4.1719695 | S1: 1 | T1: =calcs!K2 -> 4.2095458 | U1: 1 | V1: =calcs!L2 -> 4.2487414 | W1: 1 | X1: =calcs!M2 -> 4.2895351 | Y1: 1 | Z1: =calcs!N2 -> 4.3318826 | AA1: 1 | AB1: =calcs!O2 -> 4.3757142 | AC1: 1 | AD1: =calcs!P2 -> 4.4209322 | AE1: 1 | AF1: =calcs!Q2 -> 4.4674103 | AG1: 1 | AH1: =calcs!R2 -> 4.5149934 | AI1: 1 | AJ1: =calcs!S2 -> 4.563499 | AK1: 1 | AL1: =calcs!T2 -> 4.6127203 | AM1: 1 | AN1: =calcs!U2 -> 4.6624306 | AO1: 1 | AP1: =calcs!V2 -> 4.712389 | AQ1: 1 | AR1: =calcs!W2 -> 4.7623474 | AS1: 1 | AT1: =calcs!X2 -> 4.8120576 | AU1: 1 | AV1: =calcs!Y2 -> 4.8612789 | AW1: 1 | AX1: =calcs!Z2 -> 4.9097845 | AY1: 1 | AZ1: =calcs!AA2 -> 4.9573676 | BA1: 1 | BB1: =calcs!AB2 -> 5.0038458 | BC1: 1 | BD1: =calcs!AC2 -> 5.0490638 | BE1: 1 | BF1: =calcs!AD2 -> 5.0928954 | BG1: 1 | BH1: =calcs!AE2 -> 5.1352429 | BI1: 1 | BJ1: =calcs!AF2 -> 5.1760366 | BK1: 1 | BL1: =calcs!AG2 -> 5.2152322 | BM1: 1 | BN1: =calcs!AH2 -> 5.2528085 | BO1: 1 | BP1: =calcs!AI2 -> 5.2887642 | BQ1: 1 | BR1: =calcs!AJ2 -> 5.3231149 | BS1: 1 | BT1: =calcs!AK2 -> 5.3558901 | BU1: 1 | BV1: =calcs!AL2 -> 5.3871299 | BW1: 1 | BX1: =calcs!AM2 -> 5.416883 | BY1: 1 | BZ1: =calcs!AN2 -> 5.4452041 | CA1: 1 | CB1: =calcs!AO2 -> 5.4721517 | CC1: 1 | CD1: =calcs!AP2 -> 5.4977871
A2: 1 | B2: =calcs!B3 -> 3.9013554 | C2: 1 | D2: =calcs!C3 -> 3.9269908 | E2: 1 | F2: =calcs!D3 -> 3.9540113 | G2: 1 | H2: =calcs!E3 -> 3.9824893 | I2: 1 | J2: =calcs!F3 -> 4.0124961 | K2: 1 | L2: =calcs!G3 -> 4.0440996 | M2: 1 | N2: =calcs!H3 -> 4.0773622 | O2: 1 | P2: =calcs!I3 -> 4.1123388 | Q2: 1 | R2: =calcs!J3 -> 4.1490727 | S2: 1 | T2: =calcs!K3 -> 4.1875932 | U2: 1 | V2: =calcs!L3 -> 4.2279111 | W2: 1 | X2: =calcs!M3 -> 4.2700148 | Y2: 1 | Z2: =calcs!N3 -> 4.3138665 | AA2: 1 | AB2: =calcs!O3 -> 4.3593986 | AC2: 1 | AD2: =calcs!P3 -> 4.4065101 | AE2: 1 | AF2: =calcs!Q3 -> 4.4550653 | AG2: 1 | AH2: =calcs!R3 -> 4.5048928 | AI2: 1 | AJ2: =calcs!S3 -> 4.5557871 | AK2: 1 | AL2: =calcs!T3 -> 4.607512 | AM2: 1 | AN2: =calcs!U3 -> 4.6598059 | AO2: 1 | AP2: =calcs!V3 -> 4.712389 | AQ2: 1 | AR2: =calcs!W3 -> 4.764972 | AS2: 1 | AT2: =calcs!X3 -> 4.8172659 | AU2: 1 | AV2: =calcs!Y3 -> 4.8689909 | AW2: 1 | AX2: =calcs!Z3 -> 4.9198852 | AY2: 1 | AZ2: =calcs!AA3 -> 4.9697127 | BA2: 1 | BB2: =calcs!AB3 -> 5.0182679 | BC2: 1 | BD2: =calcs!AC3 -> 5.0653794 | BE2: 1 | BF2: =calcs!AD3 -> 5.1109114 | BG2: 1 | BH2: =calcs!AE3 -> 5.1547632 | BI2: 1 | BJ2: =calcs!AF3 -> 5.1968669 | BK2: 1 | BL2: =calcs!AG3 -> 5.2371848 | BM2: 1 | BN2: =calcs!AH3 -> 5.2757052 | BO2: 1 | BP2: =calcs!AI3 -> 5.3124392 | BQ2: 1 | BR2: =calcs!AJ3 -> 5.3474157 | BS2: 1 | BT2: =calcs!AK3 -> 5.3806784 | BU2: 1 | BV2: =calcs!AL3 -> 5.4122819 | BW2: 1 | BX2: =calcs!AM3 -> 5.4422886 | BY2: 1 | BZ2: =calcs!AN3 -> 5.4707667 | CA2: 1 | CB2: =calcs!AO3 -> 5.4977871 | CC2: 1 | CD2: =calcs!AP3 -> 5.5234226
A3: 1 | B3: =calcs!B4 -> 3.8744078 | C3: 1 | D3: =calcs!C4 -> 3.8999704 | E3: 1 | F3: =calcs!D4 -> 3.9269908 | G3: 1 | H3: =calcs!E4 -> 3.9555545 | I3: 1 | J3: =calcs!F4 -> 3.9857466 | K3: 1 | L3: =calcs!G4 -> 4.0176507 | M3: 1 | N3: =calcs!H4 -> 4.0513458 | O3: 1 | P3: =calcs!I4 -> 4.0869039 | Q3: 1 | R3: =calcs!J4 -> 4.1243864 | S3: 1 | T3: =calcs!K4 -> 4.1638396 | U3: 1 | V3: =calcs!L4 -> 4.2052905 | W3: 1 | X3: =calcs!M4 -> 4.2487414 | Y3: 1 | Z3: =calcs!N4 -> 4.2941647 | AA3: 1 | AB3: =calcs!O4 -> 4.3414977 | AC3: 1 | AD3: =calcs!P4 -> 4.3906384 | AE3: 1 | AF3: =calcs!Q4 -> 4.4414421 | AG3: 1 | AH3: =calcs!R4 -> 4.49372 | AI3: 1 | AJ3: =calcs!S4 -> 4.5472403 | AK3: 1 | AL3: =calcs!T4 -> 4.6017318 | AM3: 1 | AN3: =calcs!U4 -> 4.6568905 | AO3: 1 | AP3: =calcs!V4 -> 4.712389 | AQ3: 1 | AR3: =calcs!W4 -> 4.7678875 | AS3: 1 | AT3: =calcs!X4 -> 4.8230462 | AU3: 1 | AV3: =calcs!Y4 -> 4.8775377 | AW3: 1 | AX3: =calcs!Z4 -> 4.9310579 | AY3: 1 | AZ3: =calcs!AA4 -> 4.9833358 | BA3: 1 | BB3: =calcs!AB4 -> 5.0341395 | BC3: 1 | BD3: =calcs!AC4 -> 5.0832803 | BE3: 1 | BF3: =calcs!AD4 -> 5.1306133 | BG3: 1 | BH3: =calcs!AE4 -> 5.1760366 | BI3: 1 | BJ3: =calcs!AF4 -> 5.2194875 | BK3: 1 | BL3: =calcs!AG4 -> 5.2609384 | BM3: 1 | BN3: =calcs!AH4 -> 5.3003916 | BO3: 1 | BP3: =calcs!AI4 -> 5.337874 | BQ3: 1 | BR3: =calcs!AJ4 -> 5.3734321 | BS3: 1 | BT3: =calcs!AK4 -> 5.4071273 | BU3: 1 | BV3: =calcs!AL4 -> 5.4390313 | BW3: 1 | BX3: =calcs!AM4 -> 5.4692235 | BY3: 1 | BZ3: =calcs!AN4 -> 5.4977871 | CA3: 1 | CB3: =calcs!AO4 -> 5.5248076 | CC3: 1 | CD3: =calcs!AP4 -> 5.5503702
A4: 1 | B4: =calcs!B5 -> 3.8460867 | C4: 1 | D4: =calcs!C5 -> 3.8714923 | E4: 1 | F4: =calcs!D5 -> 3.8984272 | G4: 1 | H4: =calcs!E5 -> 3.9269908 | I4: 1 | J4: =calcs!F5 -> 3.9572846 | K4: 1 | L4: =calcs!G5 -> 3.9894096 | M4: 1 | N4: =calcs!H5 -> 4.0234646 | O4: 1 | P4: =calcs!I5 -> 4.0595423 | Q4: 1 | R4: =calcs!J5 -> 4.097726 | S4: 1 | T4: =calcs!K5 -> 4.1380842 | U4: 1 | V4: =calcs!L5 -> 4.1806649 | W4: 1 | X4: =calcs!M5 -> 4.2254897 | Y4: 1 | Z4: =calcs!N5 -> 4.2725464 | AA4: 1 | AB4: =calcs!O5 -> 4.3217819 | AC4: 1 | AD4: =calcs!P5 -> 4.3730964 | AE4: 1 | AF4: =calcs!Q5 -> 4.4263375 | AG4: 1 | AH4: =calcs!R5 -> 4.4812983 | AI4: 1 | AJ4: =calcs!S5 -> 4.5377168 | AK4: 1 | AL4: =calcs!T5 -> 4.5952802 | AM4: 1 | AN4: =calcs!U5 -> 4.6536332 | AO4: 1 | AP4: =calcs!V5 -> 4.712389 | AQ4: 1 | AR4: =calcs!W5 -> 4.7711448 | AS4: 1 | AT4: =calcs!X5 -> 4.8294977 | AU4: 1 | AV4: =calcs!Y5 -> 4.8870612 | AW4: 1 | AX4: =calcs!Z5 -> 4.9434796 | AY4: 1 | AZ4: =calcs!AA5 -> 4.9984404 | BA4: 1 | BB4: =calcs!AB5 -> 5.0516816 | BC4: 1 | BD4: =calcs!AC5 -> 5.102996 | BE4: 1 | BF4: =calcs!AD5 -> 5.1522316 | BG4: 1 | BH4: =calcs!AE5 -> 5.1992882 | BI4: 1 | BJ4: =calcs!AF5 -> 5.244113 | BK4: 1 | BL4: =calcs!AG5 -> 5.2866938 | BM4: 1 | BN4: =calcs!AH5 -> 5.3270519 | BO4: 1 | BP4: =calcs!AI5 -> 5.3652356 | BQ4: 1 | BR4: =calcs!AJ5 -> 5.4013134 | BS4: 1 | BT4: =calcs!AK5 -> 5.4353683 | BU4: 1 | BV4: =calcs!AL5 -> 5.4674934 | BW4: 1 | BX4: =calcs!AM5 -> 5.4977871 | BY4: 1 | BZ4: =calcs!AN5 -> 5.5263508 | CA4: 1 | CB4: =calcs!AO5 -> 5.5532856 | CC4: 1 | CD4: =calcs!AP5 -> 5.5786912
A5: 1 | B5: =calcs!B6 -> 3.8163336 | C5: 1 | D5: =calcs!C6 -> 3.8414855 | E5: 1 | F5: =calcs!D6 -> 3.868235 | G5: 1 | H5: =calcs!E6 -> 3.8966971 | I5: 1 | J5: =calcs!F6 -> 3.9269908 | K5: 1 | L5: =calcs!G6 -> 3.9592377 | M5: 1 | N5: =calcs!H6 -> 3.993559 | O5: 1 | P5: =calcs!I6 -> 4.0300724 | Q5: 1 | R5: =calcs!J6 -> 4.0688879 | S5: 1 | T5: =calcs!K6 -> 4.1101016 | U5: 1 | V5: =calcs!L6 -> 4.1537897 | W5: 1 | X5: =calcs!M6 -> 4.1999995 | Y5: 1 | Z5: =calcs!N6 -> 4.2487414 | AA5: 1 | AB5: =calcs!O6 -> 4.2999785 | AC5: 1 | AD5: =calcs!P6 -> 4.3536183 | AE5: 1 | AF5: =calcs!Q6 -> 4.4095041 | AG5: 1 | AH5: =calcs!R6 -> 4.4674103 | AI5: 1 | AJ5: =calcs!S6 -> 4.527041 | AK5: 1 | AL5: =calcs!T6 -> 4.588034 | AM5: 1 | AN5: =calcs!U6 -> 4.6499702 | AO5: 1 | AP5: =calcs!V6 -> 4.712389 | AQ5: 1 | AR5: =calcs!W6 -> 4.7748078 | AS5: 1 | AT5: =calcs!X6 -> 4.836744 | AU5: 1 | AV5: =calcs!Y6 -> 4.8977369 | AW5: 1 | AX5: =calcs!Z6 -> 4.9573676 | AY5: 1 | AZ5: =calcs!AA6 -> 5.0152738 | BA5: 1 | BB5: =calcs!AB6 -> 5.0711597 | BC5: 1 | BD5: =calcs!AC6 -> 5.1247994 | BE5: 1 | BF5: =calcs!AD6 -> 5.1760366 | BG5: 1 | BH5: =calcs!AE6 -> 5.2247784 | BI5: 1 | BJ5: =calcs!AF6 -> 5.2709883 | BK5: 1 | BL5: =calcs!AG6 -> 5.3146763 | BM5: 1 | BN5: =calcs!AH6 -> 5.3558901 | BO5: 1 | BP5: =calcs!AI6 -> 5.3947055 | BQ5: 1 | BR5: =calcs!AJ6 -> 5.431219 | BS5: 1 | BT5: =calcs!AK6 -> 5.4655403 | BU5: 1 | BV5: =calcs!AL6 -> 5.4977871 | BW5: 1 | BX5: =calcs!AM6 -> 5.5280809 | BY5: 1 | BZ5: =calcs!AN6 -> 5.556543 | CA5: 1 | CB5: =calcs!AO6 -> 5.5832924 | CC5: 1 | CD5: =calcs!AP6 -> 5.6084444
A6: 1 | B6: =calcs!B7 -> 3.7850938 | C6: 1 | D6: =calcs!C7 -> 3.8098821 | E6: 1 | F6: =calcs!D7 -> 3.8363309 | G6: 1 | H6: =calcs!E7 -> 3.864572 | I6: 1 | J6: =calcs!F7 -> 3.8947439 | K6: 1 | L6: =calcs!G7 -> 3.9269908 | M6: 1 | N6: =calcs!H7 -> 3.9614599 | O6: 1 | P6: =calcs!I7 -> 3.9982983 | Q6: 1 | R6: =calcs!J7 -> 4.037648 | S6: 1 | T6: =calcs!K7 -> 4.0796401 | U6: 1 | V6: =calcs!L7 -> 4.1243864 | W6: 1 | X6: =calcs!M7 -> 4.1719695 | Y6: 1 | Z6: =calcs!N7 -> 4.2224317 | AA6: 1 | AB6: =calcs!O7 -> 4.2757618 | AC6: 1 | AD6: =calcs!P7 -> 4.3318826 | AE6: 1 | AF6: =calcs!Q7 -> 4.3906384 | AG6: 1 | AH6: =calcs!R7 -> 4.4517866 | AI6: 1 | AJ6: =calcs!S7 -> 4.5149934 | AK6: 1 | AL6: =calcs!T7 -> 4.5798374 | AM6: 1 | AN6: =calcs!U7 -> 4.6458208 | AO6: 1 | AP6: =calcs!V7 -> 4.712389 | AQ6: 1 | AR6: =calcs!W7 -> 4.7789571 | AS6: 1 | AT6: =calcs!X7 -> 4.8449405 | AU6: 1 | AV6: =calcs!Y7 -> 4.9097845 | AW6: 1 | AX6: =calcs!Z7 -> 4.9729914 | AY6: 1 | AZ6: =calcs!AA7 -> 5.0341395 | BA6: 1 | BB6: =calcs!AB7 -> 5.0928954 | BC6: 1 | BD6: =calcs!AC7 -> 5.1490161 | BE6: 1 | BF6: =calcs!AD7 -> 5.2023463 | BG6: 1 | BH6: =calcs!AE7 -> 5.2528085 | BI6: 1 | BJ6: =calcs!AF7 -> 5.3003916 | BK6: 1 | BL6: =calcs!AG7 -> 5.3451378 | BM6: 1 | BN6: =calcs!AH7 -> 5.3871299 | BO6: 1 | BP6: =calcs!AI7 -> 5.4264797 | BQ6: 1 | BR6: =calcs!AJ7 -> 5.463318 | BS6: 1 | BT6: =calcs!AK7 -> 5.4977871 | BU6: 1 | BV6: =calcs!AL7 -> 5.530034 | BW6: 1 | BX6: =calcs!AM7 -> 5.560206 | BY6: 1 | BZ6: =calcs!AN7 -> 5.588447 | CA6: 1 | CB6: =calcs!AO7 -> 5.6148959 | CC6: 1 | CD6: =calcs!AP7 -> 5.6396842
A7: 1 | B7: =calcs!B8 -> 3.7523186 | C7: 1 | D7: =calcs!C8 -> 3.7766194 | E7: 1 | F7: =calcs!D8 -> 3.8026358 | G7: 1 | H7: =calcs!E8 -> 3.830517 | I7: 1 | J7: =calcs!F8 -> 3.8604227 | K7: 1 | L7: =calcs!G8 -> 3.8925217 | M7: 1 | N7: =calcs!H8 -> 3.9269908 | O7: 1 | P7: =calcs!I8 -> 3.9640109 | Q7: 1 | R7: =calcs!J8 -> 4.0037627 | S7: 1 | T7: =calcs!K8 -> 4.0464197 | U7: 1 | V7: =calcs!L8 -> 4.0921395 | W7: 1 | X7: =calcs!M8 -> 4.1410515 | Y7: 1 | Z7: =calcs!N8 -> 4.1932429 | AA7: 1 | AB7: =calcs!O8 -> 4.2487414 | AC7: 1 | AD7: =calcs!P8 -> 4.3074972 | AE7: 1 | AF7: =calcs!Q8 -> 4.369365 | AG7: 1 | AH7: =calcs!R8 -> 4.4340893 | AI7: 1 | AJ7: =calcs!S8 -> 4.5012956 | AK7: 1 | AL7: =calcs!T8 -> 4.5704919 | AM7: 1 | AN7: =calcs!U8 -> 4.6410815 | AO7: 1 | AP7: =calcs!V8 -> 4.712389 | AQ7: 1 | AR7: =calcs!W8 -> 4.7836964 | AS7: 1 | AT7: =calcs!X8 -> 4.854286 | AU7: 1 | AV7: =calcs!Y8 -> 4.9234823 | AW7: 1 | AX7: =calcs!Z8 -> 4.9906886 | AY7: 1 | AZ7: =calcs!AA8 -> 5.0554129 | BA7: 1 | BB7: =calcs!AB8 -> 5.1172808 | BC7: 1 | BD7: =calcs!AC8 -> 5.1760366 | BE7: 1 | BF7: =calcs!AD8 -> 5.2315351 | BG7: 1 | BH7: =calcs!AE8 -> 5.2837265 | BI7: 1 | BJ7: =calcs!AF8 -> 5.3326385 | BK7: 1 | BL7: =calcs!AG8 -> 5.3783582 | BM7: 1 | BN7: =calcs!AH8 -> 5.4210153 | BO7: 1 | BP7: =calcs!AI8 -> 5.460767 | BQ7: 1 | BR7: =calcs!AJ8 -> 5.4977871 | BS7: 1 | BT7: =calcs!AK8 -> 5.5322562 | BU7: 1 | BV7: =calcs!AL8 -> 5.5643553 | BW7: 1 | BX7: =calcs!AM8 -> 5.5942609 | BY7: 1 | BZ7: =calcs!AN8 -> 5.6221421 | CA7: 1 | CB7: =calcs!AO8 -> 5.6481586 | CC7: 1 | CD7: =calcs!AP8 -> 5.6724593
A8: 1 | B8: =calcs!B9 -> 3.7179679 | C8: 1 | D8: =calcs!C9 -> 3.7416429 | E8: 1 | F8: =calcs!D9 -> 3.7670777 | G8: 1 | H8: =calcs!E9 -> 3.7944393 | I8: 1 | J8: =calcs!F9 -> 3.8239092 | K8: 1 | L8: =calcs!G9 -> 3.8556834 | M8: 1 | N8: =calcs!H9 -> 3.8899707 | O8: 1 | P8: =calcs!I9 -> 3.9269908 | Q8: 1 | R8: =calcs!J9 -> 3.9669695 | S8: 1 | T8: =calcs!K9 -> 4.010132 | U8: 1 | V8: =calcs!L9 -> 4.0566934 | W8: 1 | X8: =calcs!M9 -> 4.1068443 | Y8: 1 | Z8: =calcs!N9 -> 4.160734 | AA8: 1 | AB8: =calcs!O9 -> 4.2184476 | AC8: 1 | AD8: =calcs!P9 -> 4.2799812 | AE8: 1 | AF8: =calcs!Q9 -> 4.3452151 | AG8: 1 | AH8: =calcs!R9 -> 4.41389 | AI8: 1 | AJ8: =calcs!S9 -> 4.4855901 | AK8: 1 | AL8: =calcs!T9 -> 4.5597397 | AM8: 1 | AN8: =calcs!U9 -> 4.6356171 | AO8: 1 | AP8: =calcs!V9 -> 4.712389 | AQ8: 1 | AR8: =calcs!W9 -> 4.7891609 | AS8: 1 | AT8: =calcs!X9 -> 4.8650383 | AU8: 1 | AV8: =calcs!Y9 -> 4.9391878 | AW8: 1 | AX8: =calcs!Z9 -> 5.0108879 | AY8: 1 | AZ8: =calcs!AA9 -> 5.0795628 | BA8: 1 | BB8: =calcs!AB9 -> 5.1447968 | BC8: 1 | BD8: =calcs!AC9 -> 5.2063303 | BE8: 1 | BF8: =calcs!AD9 -> 5.264044 | BG8: 1 | BH8: =calcs!AE9 -> 5.3179336 | BI8: 1 | BJ8: =calcs!AF9 -> 5.3680846 | BK8: 1 | BL8: =calcs!AG9 -> 5.4146459 | BM8: 1 | BN8: =calcs!AH9 -> 5.4578085 | BO8: 1 | BP8: =calcs!AI9 -> 5.4977871 | BQ8: 1 | BR8: =calcs!AJ9 -> 5.5348073 | BS8: 1 | BT8: =calcs!AK9 -> 5.5690946 | BU8: 1 | BV8: =calcs!AL9 -> 5.6008688 | BW8: 1 | BX8: =calcs!AM9 -> 5.6303387 | BY8: 1 | BZ8: =calcs!AN9 -> 5.6577003 | CA8: 1 | CB8: =calcs!AO9 -> 5.6831351 | CC8: 1 | CD8: =calcs!AP9 -> 5.7068101
A9: 1 | B9: =calcs!B10 -> 3.6820122 | C9: 1 | D9: =calcs!C10 -> 3.7049089 | E9: 1 | F9: =calcs!D10 -> 3.7295953 | G9: 1 | H9: =calcs!E10 -> 3.7562556 | I9: 1 | J9: =calcs!F10 -> 3.7850938 | K9: 1 | L9: =calcs!G10 -> 3.8163336 | M9: 1 | N9: =calcs!H10 -> 3.8502189 | O9: 1 | P9: =calcs!I10 -> 3.8870121 | Q9: 1 | R9: =calcs!J10 -> 3.9269908 | S9: 1 | T9: =calcs!K10 -> 3.9704417 | U9: 1 | V9: =calcs!L10 -> 4.0176507 | W9: 1 | X9: =calcs!M10 -> 4.0688879 | Y9: 1 | Z9: =calcs!N10 -> 4.1243864 | AA9: 1 | AB9: =calcs!O10 -> 4.1843145 | AC9: 1 | AD9: =calcs!P10 -> 4.2487414 | AE9: 1 | AF9: =calcs!Q10 -> 4.3175979 | AG9: 1 | AH9: =calcs!R10 -> 4.3906384 | AI9: 1 | AJ9: =calcs!S10 -> 4.4674103 | AK9: 1 | AL9: =calcs!T10 -> 4.5472403 | AM9: 1 | AN9: =calcs!U10 -> 4.6292477 | AO9: 1 | AP9: =calcs!V10 -> 4.712389 | AQ9: 1 | AR9: =calcs!W10 -> 4.7955302 | AS9: 1 | AT9: =calcs!X10 -> 4.8775377 | AU9: 1 | AV9: =calcs!Y10 -> 4.9573676 | AW9: 1 | AX9: =calcs!Z10 -> 5.0341395 | AY9: 1 | AZ9: =calcs!AA10 -> 5.1071801 | BA9: 1 | BB9: =calcs!AB10 -> 5.1760366 | BC9: 1 | BD9: =calcs!AC10 -> 5.2404634 | BE9: 1 | BF9: =calcs!AD10 -> 5.3003916 | BG9: 1 | BH9: =calcs!AE10 -> 5.3558901 | BI9: 1 | BJ9: =calcs!AF10 -> 5.4071273 | BK9: 1 | BL9: =calcs!AG10 -> 5.4543362 | BM9: 1 | BN9: =calcs!AH10 -> 5.4977871 | BO9: 1 | BP9: =calcs!AI10 -> 5.5377658 | BQ9: 1 | BR9: =calcs!AJ10 -> 5.574559 | BS9: 1 | BT9: =calcs!AK10 -> 5.6084444 | BU9: 1 | BV9: =calcs!AL10 -> 5.6396842 | BW9: 1 | BX9: =calcs!AM10 -> 5.6685224 | BY9: 1 | BZ9: =calcs!AN10 -> 5.6951827 | CA9: 1 | CB9: =calcs!AO10 -> 5.719869 | CC9: 1 | CD9: =calcs!AP10 -> 5.7427658
A10: 1 | B10: =calcs!B11 -> 3.6444359 | C10: 1 | D10: =calcs!C11 -> 3.6663884 | E10: 1 | F10: =calcs!D11 -> 3.6901421 | G10: 1 | H10: =calcs!E11 -> 3.7158975 | I10: 1 | J10: =calcs!F11 -> 3.74388 | K10: 1 | L10: =calcs!G11 -> 3.7743415 | M10: 1 | N10: =calcs!H11 -> 3.8075619 | O10: 1 | P10: =calcs!I11 -> 3.8438496 | Q10: 1 | R10: =calcs!J11 -> 3.8835399 | S10: 1 | T10: =calcs!K11 -> 3.9269908 | U10: 1 | V10: =calcs!L11 -> 3.9745739 | W10: 1 | X10: =calcs!M11 -> 4.0266595 | Y10: 1 | Z10: =calcs!N11 -> 4.0835927 | AA10: 1 | AB10: =calcs!O11 -> 4.1456598 | AC10: 1 | AD10: =calcs!P11 -> 4.2130423 | AE10: 1 | AF10: =calcs!Q11 -> 4.2857615 | AG10: 1 | AH10: =calcs!R11 -> 4.363618 | AI10: 1 | AJ10: =calcs!S11 -> 4.4461369 | AK10: 1 | AL10: =calcs!T11 -> 4.5325355 | AM10: 1 | AN10: =calcs!U11 -> 4.6217291 | AO10: 1 | AP10: =calcs!V11 -> 4.712389 | AQ10: 1 | AR10: =calcs!W11 -> 4.8030489 | AS10: 1 | AT10: =calcs!X11 -> 4.8922425 | AU10: 1 | AV10: =calcs!Y11 -> 4.978641 | AW10: 1 | AX10: =calcs!Z11 -> 5.06116 | AY10: 1 | AZ10: =calcs!AA11 -> 5.1390165 | BA10: 1 | BB10: =calcs!AB11 -> 5.2117357 | BC10: 1 | BD10: =calcs!AC11 -> 5.2791182 | BE10: 1 | BF10: =calcs!AD11 -> 5.3411853 | BG10: 1 | BH10: =calcs!AE11 -> 5.3981185 | BI10: 1 | BJ10: =calcs!AF11 -> 5.450204 | BK10: 1 | BL10: =calcs!AG11 -> 5.4977871 | BM10: 1 | BN10: =calcs!AH11 -> 5.541238 | BO10: 1 | BP10: =calcs!AI11 -> 5.5809284 | BQ10: 1 | BR10: =calcs!AJ11 -> 5.6172161 | BS10: 1 | BT10: =calcs!AK11 -> 5.6504365 | BU10: 1 | BV10: =calcs!AL11 -> 5.680898 | BW10: 1 | BX10: =calcs!AM11 -> 5.7088805 | BY10: 1 | BZ10: =calcs!AN11 -> 5.7346359 | CA10: 1 | CB10: =calcs!AO11 -> 5.7583895 | CC10: 1 | CD10: =calcs!AP11 -> 5.7803421
A11: 1 | B11: =calcs!B12 -> 3.6052403 | C11: 1 | D11: =calcs!C12 -> 3.6260706 | E11: 1 | F11: =calcs!D12 -> 3.6486912 | G11: 1 | H11: =calcs!E12 -> 3.6733167 | I11: 1 | J11: =calcs!F12 -> 3.700192 | K11: 1 | L11: =calcs!G12 -> 3.7295953 | M11: 1 | N11: =calcs!H12 -> 3.7618421 | O11: 1 | P11: =calcs!I12 -> 3.7972883 | Q11: 1 | R11: =calcs!J12 -> 3.8363309 | S11: 1 | T11: =calcs!K12 -> 3.8794077 | U11: 1 | V11: =calcs!L12 -> 3.9269908 | W11: 1 | X11: =calcs!M12 -> 3.9795739 | Y11: 1 | Z11: =calcs!N12 -> 4.037648 | AA11: 1 | AB11: =calcs!O12 -> 4.101663 | AC11: 1 | AD11: =calcs!P12 -> 4.1719695 | AE11: 1 | AF11: =calcs!Q12 -> 4.2487414 | AG11: 1 | AH11: =calcs!R12 -> 4.3318826 | AI11: 1 | AJ11: =calcs!S12 -> 4.4209322 | AK11: 1 | AL11: =calcs!T12 -> 4.5149934 | AM11: 1 | AN11: =calcs!U12 -> 4.6127203 | AO11: 1 | AP11: =calcs!V12 -> 4.712389 | AQ11: 1 | AR11: =calcs!W12 -> 4.8120576 | AS11: 1 | AT11: =calcs!X12 -> 4.9097845 | AU11: 1 | AV11: =calcs!Y12 -> 5.0038458 | AW11: 1 | AX11: =calcs!Z12 -> 5.0928954 | AY11: 1 | AZ11: =calcs!AA12 -> 5.1760366 | BA11: 1 | BB11: =calcs!AB12 -> 5.2528085 | BC11: 1 | BD11: =calcs!AC12 -> 5.3231149 | BE11: 1 | BF11: =calcs!AD12 -> 5.3871299 | BG11: 1 | BH11: =calcs!AE12 -> 5.4452041 | BI11: 1 | BJ11: =calcs!AF12 -> 5.4977871 | BK11: 1 | BL11: =calcs!AG12 -> 5.5453702 | BM11: 1 | BN11: =calcs!AH12 -> 5.588447 | BO11: 1 | BP11: =calcs!AI12 -> 5.6274897 | BQ11: 1 | BR11: =calcs!AJ12 -> 5.6629358 | BS11: 1 | BT11: =calcs!AK12 -> 5.6951827 | BU11: 1 | BV11: =calcs!AL12 -> 5.724586 | BW11: 1 | BX11: =calcs!AM12 -> 5.7514612 | BY11: 1 | BZ11: =calcs!AN12 -> 5.7760868 | CA11: 1 | CB11: =calcs!AO12 -> 5.7987074 | CC11: 1 | CD11: =calcs!AP12 -> 5.8195377
A12: 1 | B12: =calcs!B13 -> 3.5644466 | C12: 1 | D12: =calcs!C13 -> 3.5839669 | E12: 1 | F12: =calcs!D13 -> 3.6052403 | G12: 1 | H12: =calcs!E13 -> 3.6284919 | I12: 1 | J12: =calcs!F13 -> 3.6539821 | K12: 1 | L12: =calcs!G13 -> 3.6820122 | M12: 1 | N12: =calcs!H13 -> 3.7129301 | O12: 1 | P12: =calcs!I13 -> 3.7471373 | Q12: 1 | R12: =calcs!J13 -> 3.7850938 | S12: 1 | T12: =calcs!K13 -> 3.8273222 | U12: 1 | V12: =calcs!L13 -> 3.8744078 | W12: 1 | X12: =calcs!M13 -> 3.9269908 | Y12: 1 | Z12: =calcs!N13 -> 3.9857466 | AA12: 1 | AB12: =calcs!O13 -> 4.0513458 | AC12: 1 | AD12: =calcs!P13 -> 4.1243864 | AE12: 1 | AF12: =calcs!Q13 -> 4.2052905 | AG12: 1 | AH12: =calcs!R13 -> 4.2941647 | AI12: 1 | AJ12: =calcs!S13 -> 4.3906384 | AK12: 1 | AL12: =calcs!T13 -> 4.49372 | AM12: 1 | AN12: =calcs!U13 -> 4.6017318 | AO12: 1 | AP12: =calcs!V13 -> 4.712389 | AQ12: 1 | AR12: =calcs!W13 -> 4.8230462 | AS12: 1 | AT12: =calcs!X13 -> 4.9310579 | AU12: 1 | AV12: =calcs!Y13 -> 5.0341395 | AW12: 1 | AX12: =calcs!Z13 -> 5.1306133 | AY12: 1 | AZ12: =calcs!AA13 -> 5.2194875 | BA12: 1 | BB12: =calcs!AB13 -> 5.3003916 | BC12: 1 | BD12: =calcs!AC13 -> 5.3734321 | BE12: 1 | BF12: =calcs!AD13 -> 5.4390313 | BG12: 1 | BH12: =calcs!AE13 -> 5.4977871 | BI12: 1 | BJ12: =calcs!AF13 -> 5.5503702 | BK12: 1 | BL12: =calcs!AG13 -> 5.5974558 | BM12: 1 | BN12: =calcs!AH13 -> 5.6396842 | BO12: 1 | BP12: =calcs!AI13 -> 5.6776406 | BQ12: 1 | BR12: =calcs!AJ13 -> 5.7118478 | BS12: 1 | BT12: =calcs!AK13 -> 5.7427658 | BU12: 1 | BV12: =calcs!AL13 -> 5.7707958 | BW12: 1 | BX12: =calcs!AM13 -> 5.7962861 | BY12: 1 | BZ12: =calcs!AN13 -> 5.8195377 | CA12: 1 | CB12: =calcs!AO13 -> 5.8408111 | CC12: 1 | CD12: =calcs!AP13 -> 5.8603314
... A41: 1 | B41: =calcs!B42 -> 2.3561945 | C41: 1 | D41: =calcs!C42 -> 2.3305591 | E41: 1 | F41: =calcs!D42 -> 2.3036114 | G41: 1 | H41: =calcs!E42 -> 2.2752904 | I41: 1 | J41: =calcs!F42 -> 2.2455373 | K41: 1 | L41: =calcs!G42 -> 2.2142974 | M41: 1 | N41: =calcs!H42 -> 2.1815223 | O41: 1 | P41: =calcs!I42 -> 2.1471715 | Q41: 1 | R41: =calcs!J42 -> 2.1112158 | S41: 1 | T41: =calcs!K42 -> 2.0736395 | U41: 1 | V41: =calcs!L42 -> 2.0344439 | W41: 1 | X41: =calcs!M42 -> 1.9936503 | Y41: 1 | Z41: =calcs!N42 -> 1.9513027 | AA41: 1 | AB41: =calcs!O42 -> 1.9074711 | AC41: 1 | AD41: =calcs!P42 -> 1.8622531 | AE41: 1 | AF41: =calcs!Q42 -> 1.815775 | AG41: 1 | AH41: =calcs!R42 -> 1.7681919 | AI41: 1 | AJ41: =calcs!S42 -> 1.7196863 | AK41: 1 | AL41: =calcs!T42 -> 1.670465 | AM41: 1 | AN41: =calcs!U42 -> 1.6207547 | AO41: 1 | AP41: =calcs!V42 -> 1.5707963 | AQ41: 1 | AR41: =calcs!W42 -> 1.5208379 | AS41: 1 | AT41: =calcs!X42 -> 1.4711277 | AU41: 1 | AV41: =calcs!Y42 -> 1.4219064 | AW41: 1 | AX41: =calcs!Z42 -> 1.3734008 | AY41: 1 | AZ41: =calcs!AA42 -> 1.3258177 | BA41: 1 | BB41: =calcs!AB42 -> 1.2793395 | BC41: 1 | BD41: =calcs!AC42 -> 1.2341215 | BE41: 1 | BF41: =calcs!AD42 -> 1.1902899 | BG41: 1 | BH41: =calcs!AE42 -> 1.1479424 | BI41: 1 | BJ41: =calcs!AF42 -> 1.1071487 | BK41: 1 | BL41: =calcs!AG42 -> 1.0679531 | BM41: 1 | BN41: =calcs!AH42 -> 1.0303768 | BO41: 1 | BP41: =calcs!AI42 -> 0.99442111 | BQ41: 1 | BR41: =calcs!AJ42 -> 0.96007036 | BS41: 1 | BT41: =calcs!AK42 -> 0.92729522 | BU41: 1 | BV41: =calcs!AL42 -> 0.89605538 | BW41: 1 | BX41: =calcs!AM42 -> 0.86630226 | BY41: 1 | BZ41: =calcs!AN42 -> 0.83798123 | CA41: 1 | CB41: =calcs!AO42 -> 0.81103357 | CC41: 1 | CD41: =calcs!AP42 -> 0.78539816
